[{"inputs":[{"internalType":"address","name":"_swapBridgeToken","type":"address"},{"internalType":"address","name":"_swapRouter","type":"address"}],"payable":false,"stateMutability":"nonpayable","type":"constructor"},{"constant":true,"inputs":[],"name":"governance","outputs":[{"internalType":"address","name":"","type":"address"}],"payable":false,"stateMutability":"view","type":"function"},{"constant":true,"inputs":[],"name":"swapBridgeToken","outputs":[{"internalType":"address","name":"","type":"address"}],"payable":false,"stateMutability":"view","type":"function"},{"constant":true,"inputs":[],"name":"swapRouter","outputs":[{"internalType":"address","name":"","type":"address"}],"payable":false,"stateMutability":"view","type":"function"},{"constant":false,"inputs":[{"internalType":"address","name":"_tokenIn","type":"address"},{"internalType":"address","name":"_tokenOut","type":"address"},{"internalType":"uint256","name":"_amountIn","type":"uint256"}],"name":"swap","outputs":[{"internalType":"uint256","name":"amountOut_","type":"uint256"}],"payable":false,"stateMutability":"nonpayable","type":"function"},{"constant":false,"inputs":[{"internalType":"address","name":"_tokenA","type":"address"},{"internalType":"address","name":"_tokenB","type":"address"},{"internalType":"uint256","name":"_amountA","type":"uint256"},{"internalType":"uint256","name":"_amountB","type":"uint256"}],"name":"addLiquidity","outputs":[{"internalType":"uint256","name":"lpAmount_","type":"uint256"}],"payable":false,"stateMutability":"nonpayable","type":"function"},{"constant":false,"inputs":[{"internalType":"address","name":"_tokenA","type":"address"},{"internalType":"address","name":"_tokenB","type":"address"},{"internalType":"address","name":"_lpPair","type":"address"},{"internalType":"uint256","name":"_liquidity","type":"uint256"}],"name":"removeLiquidity","outputs":[{"internalType":"uint256","name":"amountA_","type":"uint256"},{"internalType":"uint256","name":"amountB_","type":"uint256"}],"payable":false,"stateMutability":"nonpayable","type":"function"},{"constant":false,"inputs":[{"internalType":"address","name":"_tokenA","type":"address"},{"internalType":"address","name":"_tokenB","type":"address"},{"internalType":"address","name":"_lpToken","type":"address"},{"internalType":"uint256","name":"_liquidity","type":"uint256"},{"internalType":"address","name":"_to","type":"address"}],"name":"_removeLiquidity","outputs":[{"internalType":"uint256","name":"amountA_","type":"uint256"},{"internalType":"uint256","name":"amountB_","type":"uint256"}],"payable":false,"stateMutability":"nonpayable","type":"function"},{"constant":false,"inputs":[{"internalType":"address","name":"_governance","type":"address"}],"name":"setGov","outputs":[],"payable":false,"stateMutability":"nonpayable","type":"function"},{"constant":false,"inputs":[{"internalType":"address","name":"_token","type":"address"}],"name":"rescue","outputs":[],"payable":false,"stateMutability":"nonpayable","type":"function"}]
