[{"inputs":[{"internalType":"address","name":"_converter","type":"address"},{"internalType":"address","name":"_omt","type":"address"},{"internalType":"address","name":"_wbnb","type":"address"},{"internalType":"address","name":"_omtBNBPancakeLP","type":"address"},{"internalType":"address","name":"_omtRewardStaker","type":"address"},{"internalType":"address","name":"_liquidityMiningReward","type":"address"}],"payable":false,"stateMutability":"nonpayable","type":"constructor"},{"anonymous":false,"inputs":[{"indexed":true,"internalType":"address","name":"tokenA","type":"address"},{"indexed":true,"internalType":"address","name":"tokenB","type":"address"},{"indexed":false,"internalType":"uint256","name":"amountA","type":"uint256"},{"indexed":false,"internalType":"uint256","name":"amountB","type":"uint256"},{"indexed":false,"internalType":"uint256","name":"lpAmount","type":"uint256"}],"name":"AddedLiquidity","type":"event"},{"anonymous":false,"inputs":[{"indexed":true,"internalType":"address","name":"tokenA","type":"address"},{"indexed":true,"internalType":"address","name":"tokenB","type":"address"},{"indexed":false,"internalType":"uint256","name":"amountA","type":"uint256"},{"indexed":false,"internalType":"uint256","name":"amountB","type":"uint256"},{"indexed":false,"internalType":"uint256","name":"lpAmount","type":"uint256"}],"name":"RemovedLiquidity","type":"event"},{"anonymous":false,"inputs":[{"indexed":true,"internalType":"address","name":"tokenIn","type":"address"},{"indexed":true,"internalType":"address","name":"tokenOut","type":"address"},{"indexed":false,"internalType":"uint256","name":"amountIn","type":"uint256"},{"indexed":false,"internalType":"uint256","name":"amountOut","type":"uint256"}],"name":"Swapped","type":"event"},{"payable":true,"stateMutability":"payable","type":"fallback"},{"constant":true,"inputs":[],"name":"converter","outputs":[{"internalType":"address","name":"","type":"address"}],"payable":false,"stateMutability":"view","type":"function"},{"constant":true,"inputs":[],"name":"governance","outputs":[{"internalType":"address","name":"","type":"address"}],"payable":false,"stateMutability":"view","type":"function"},{"constant":true,"inputs":[],"name":"liquidityMiningReward","outputs":[{"internalType":"address","name":"","type":"address"}],"payable":false,"stateMutability":"view","type":"function"},{"constant":true,"inputs":[],"name":"omt","outputs":[{"internalType":"address","name":"","type":"address"}],"payable":false,"stateMutability":"view","type":"function"},{"constant":true,"inputs":[],"name":"omtBNBPancakeLP","outputs":[{"internalType":"address","name":"","type":"address"}],"payable":false,"stateMutability":"view","type":"function"},{"constant":true,"inputs":[],"name":"omtRewardStaker","outputs":[{"internalType":"address","name":"","type":"address"}],"payable":false,"stateMutability":"view","type":"function"},{"constant":true,"inputs":[],"name":"wbnb","outputs":[{"internalType":"address","name":"","type":"address"}],"payable":false,"stateMutability":"view","type":"function"},{"constant":true,"inputs":[{"internalType":"address","name":"_token","type":"address"}],"name":"holdings","outputs":[{"internalType":"uint256","name":"","type":"uint256"}],"payable":false,"stateMutability":"view","type":"function"},{"constant":false,"inputs":[{"internalType":"address","name":"_token","type":"address"},{"internalType":"address","name":"_destination","type":"address"},{"internalType":"uint256","name":"_amount","type":"uint256"}],"name":"takeOut","outputs":[],"payable":false,"stateMutability":"nonpayable","type":"function"},{"constant":false,"inputs":[{"internalType":"address payable","name":"_destination","type":"address"},{"internalType":"uint256","name":"_amount","type":"uint256"}],"name":"takeOutETH","outputs":[],"payable":true,"stateMutability":"payable","type":"function"},{"constant":false,"inputs":[{"internalType":"address","name":"_tokenIn","type":"address"},{"internalType":"address","name":"_tokenOut","type":"address"},{"internalType":"uint256","name":"_amountIn","type":"uint256"}],"name":"swap","outputs":[],"payable":false,"stateMutability":"nonpayable","type":"function"},{"constant":false,"inputs":[{"internalType":"address","name":"_tokenA","type":"address"},{"internalType":"address","name":"_tokenB","type":"address"},{"internalType":"uint256","name":"_amountA","type":"uint256"},{"internalType":"uint256","name":"_amountB","type":"uint256"}],"name":"addLiquidity","outputs":[],"payable":false,"stateMutability":"nonpayable","type":"function"},{"constant":false,"inputs":[{"internalType":"address","name":"_tokenA","type":"address"},{"internalType":"address","name":"_tokenB","type":"address"},{"internalType":"address","name":"_lpPair","type":"address"},{"internalType":"uint256","name":"_liquidity","type":"uint256"}],"name":"removeLiquidity","outputs":[],"payable":false,"stateMutability":"nonpayable","type":"function"},{"constant":false,"inputs":[{"internalType":"address","name":"_token","type":"address"},{"internalType":"uint256","name":"_amount","type":"uint256"}],"name":"addLiquidityToOMTBNBPair","outputs":[],"payable":false,"stateMutability":"nonpayable","type":"function"},{"constant":false,"inputs":[{"internalType":"uint256","name":"_amount","type":"uint256"}],"name":"depositOMTLP","outputs":[],"payable":false,"stateMutability":"nonpayable","type":"function"},{"constant":false,"inputs":[{"internalType":"uint256","name":"_amount","type":"uint256"}],"name":"withdrawOMTLP","outputs":[],"payable":false,"stateMutability":"nonpayable","type":"function"},{"constant":false,"inputs":[],"name":"claimLPReward","outputs":[],"payable":false,"stateMutability":"nonpayable","type":"function"},{"constant":false,"inputs":[],"name":"unstakeRewards","outputs":[],"payable":false,"stateMutability":"nonpayable","type":"function"},{"constant":false,"inputs":[{"internalType":"address","name":"_governance","type":"address"}],"name":"setGov","outputs":[],"payable":false,"stateMutability":"nonpayable","type":"function"},{"constant":false,"inputs":[{"internalType":"address","name":"_converter","type":"address"}],"name":"setConverter","outputs":[],"payable":false,"stateMutability":"nonpayable","type":"function"},{"constant":false,"inputs":[{"internalType":"address","name":"_omtRewardStaker","type":"address"}],"name":"setOMTRewardStaker","outputs":[],"payable":false,"stateMutability":"nonpayable","type":"function"},{"constant":false,"inputs":[{"internalType":"address","name":"_liquidityMiningReward","type":"address"}],"name":"setLiquidityMiningReward","outputs":[],"payable":false,"stateMutability":"nonpayable","type":"function"}]
