{
  "56": {
    "BUSD": {
      "100": {
        "fromBlock": 8000000,
        "toBlock": 8000001,
        "events": []
      },
      "1000": {
        "fromBlock": 8000000,
        "toBlock": 8000001,
        "events": []
      },
      "10000": {
        "fromBlock": 8000000,
        "toBlock": 8000001,
        "events": []
      },
      "100000": {
        "fromBlock": 8000000,
        "toBlock": 8000001,
        "events": []
      }
    },
    "BNB": {
      "0.1": {
        "fromBlock": 8000000,
        "toBlock": 8000001,
        "events": []
      },
      "1": {
        "fromBlock": 8000000,
        "toBlock": 8000001,
        "events": []
      },
      "10": {
        "fromBlock": 8000000,
        "toBlock": 8000001,
        "events": []
      },
      "100": {
        "fromBlock": 8000000,
        "toBlock": 8000001,
        "events": []
      }
    }
  },
  "97": {
    "BUSD": {
      "1": {
        "fromBlock": 8000000,
        "toBlock": 8000001,
        "events": []
      },
      "100": {
        "fromBlock": 8000000,
        "toBlock": 8000001,
        "events": []
      },
      "1000": {
        "fromBlock": 8000000,
        "toBlock": 8000001,
        "events": []
      },
      "10000": {
        "fromBlock": 8000000,
        "toBlock": 8000001,
        "events": []
      },
      "100000": {
        "fromBlock": 8000000,
        "toBlock": 8000001,
        "events": []
      }
    },
    "BNB": {
      "0.1": {
        "fromBlock": 8000000,
        "toBlock": 8000001,
        "events": []
      },
      "1": {
        "fromBlock": 8000000,
        "toBlock": 8000001,
        "events": []
      },
      "10": {
        "fromBlock": 8000000,
        "toBlock": 8000001,
        "events": []
      },
      "100": {
        "fromBlock": 8000000,
        "toBlock": 8000001,
        "events": []
      }
    }
  }
}
